beatmap_id,approved,submit_date,approved_date,last_update,artist,set_id,bpm,creator,creator_id,stars,diff_aim,diff_speed,cs,od,ar,hp,drain,source,genre,language,title,length,diffname,file_md5,mode,tags,favorites,rating,playcount,passcount,circles,sliders,spinners,maxcombo,storyboard,video,download_unavailable,audio_unavailable,beatmap_id,pack_id
366919,2,2014-02-07 07:17:44,2014-02-18 19:45:04,2014-02-18 19:38:01,Ray,148382,129,Andrea,33599,3.56367,1.74027,1.67363,4,7,8,6,467,,3,3,Songs Compilation,467,Marathon,549a69bbdf93f68e21cb9cc4a4a93a6e,0,osuplayer111 -umi- umi collab collaboration nagi no asukara to love-ru darkness ano natsu de matteru ebb and flow rakuen project lull ~soshite bokura wa~ sign,-1,9.4495,277185,39935,602,489,8,1655,0,0,0,0,366919,SA14
415307,1,2014-05-02 14:34:34,2014-09-23 16:42:17,2014-08-14 00:35:42,MOSAIC.WAV,171723,182,Laurier,700010,5.84371,2.77231,2.83571,4,7,9,7,379,,5,3,Zen Sekai Teki Touch Panel,380,CrystLer,b78029ce99358935d94496162f288667,0,mi-ko,-1,9.40323,94104,7226,1282,556,6,3282,0,0,0,0,415307,SA15
415693,1,2013-08-09 08:35:59,2014-12-24 11:41:18,2014-12-17 11:34:17,Ayane,109991,128,Kawaiwkyik,1367570,4.10234,2.05475,1.84998,4,7,8,6,304,超次元ゲイム ネプテューヌmk2,2,3,GO Love&Peace,312,Neptunia,e93a542b28deb6cdded0631c1ec7aa26,0,choujigen game neptune ending,-1,9.53409,163997,22906,565,288,1,1177,0,0,0,0,415693,SA16
437377,1,2014-06-08 08:55:16,2014-12-15 05:21:26,2014-12-08 04:54:32,Halozy,182364,176,sjoy,1514083,5.61955,2.65219,2.71756,4,8,9,6.5,318,Touhou,2,3,Paranoid Lost,340,Yuraki,1b3eb38cdf516e4f88eb4855c3fc3f17,0,misato because princess inada is scolding me aki minoriko stormling tonic triangle sumijun 東方風神録 ～ mountain of faith,-1,9.74964,468449,36583,800,513,4,1987,1,0,0,0,437377,SA16
441616,1,2014-06-16 09:42:18,2014-11-03 12:20:50,2014-10-27 12:12:43,kors k,184484,142.675,Reiji-RJ,305389,4.88491,2.43144,2.29343,5,7,8.5,7,385,,10,5,Dot,409,korzhik,acf4286a0d92fbe66094d8ca269a5814,0,ultra abunai cubegrams psy-trance icebeam collab,-1,9.02128,85031,7751,775,491,3,2086,0,0,0,0,441616,SA16
456277,1,2014-07-11 09:17:22,2015-03-10 16:00:18,2015-03-03 15:41:35,Pegboard Nerds,191723,150,Timorisu,2128920,4.45191,2.20518,2.05669,4,8,9,7,291,,10,2,Hero (feat. Elizaveta),312,Villain,cd0ac2dc88541b1f6fceebf1c0256705,0,hard dance trap edm dubstep monstercat 017 ascension inverness,-1,9.34885,2371988,272405,361,272,12,1283,0,0,0,0,456277,SA18
457061,1,2014-07-12 14:56:56,2014-09-11 19:22:19,2014-09-04 19:04:36,onoken,192137,180,Kloyd,1574070,6.00204,2.83789,2.9344,5,8,9.3,6.5,342,,10,5,P8107,357,KA071,8d57ee502f4f6b70af1035029ff9398f,0,hello boss diverse system digital hardcore bms rave happy623,-1,9.77477,426678,24088,1374,568,6,2659,1,0,0,0,457061,SA15
459513,1,2014-07-16 23:48:06,2014-10-20 10:40:42,2014-10-13 10:10:30,Porter Robinson,193396,88.5,Ayu,1267151,3.34902,1.74769,1.48348,4.2,7,8.5,6.5,337,,10,2,Sad Machine,340,Upset,e6dfad7d9152db4dc127db5dba363067,0,avanna vocaloid zero-g marathon,-1,9.33901,814586,149728,294,467,1,1423,0,0,0,0,459513,SA15
512707,1,2014-10-02 14:34:54,2014-10-23 03:40:31,2014-10-16 03:15:07,EGOIST,218766,172,captin1,689997,4.83106,2.38717,2.30853,4.2,8,9,7,307,ギルティクラウン,3,3,The Everlasting Guilty Crown,315,Heart,f1196634ecfd89828a80d9e92673d5bc,0,chelly ryo supercell opening full,-1,9.61964,517990,66538,454,533,4,1794,0,0,0,0,512707,SA15
522968,1,2014-10-18 13:06:13,2015-01-30 02:00:58,2015-01-17 03:39:17,senya,223960,152,Sellenite,3364931,5.13939,2.45689,2.45265,4,7,9,6,305,Touhou,2,3,Sakuretsu Irony,306,Phantasm,cf3fbc5518fdaf05c4a025b21b89704e,0,かませ虎 幽閉サテライト ネクロファンタジア iceon yuuhei satellite yakumo yukari dagger-gazel examination,-1,9.66746,197745,25959,930,360,1,1717,1,0,0,0,522968,SA17
525022,1,2014-10-21 06:49:13,2014-11-30 05:01:13,2014-11-23 04:33:03,LeftyMonsterP,224930,197,Natsu,1953876,5.10796,2.40836,2.49913,4,8.5,9,7,317,,4,3,Sayonara no Kawari ni,352,Sayonara,d505fe1c2ab0188f2fe0a75ddfa44bbd,0,ポンデ王子 桑原草太 gumi megpoid instead of goodbye dna vocaloid,-1,9.63694,45435,8900,488,544,6,1718,0,1,0,0,525022,SA16
529285,1,2014-10-27 14:48:26,2014-11-13 15:49:05,2014-10-30 23:58:14,LeaF,227126,190,Charles445,85000,6.36963,3.12369,2.98007,4,8,9.4,7,118,BMS,2,5,Evanescent,125,Aspire,b049f6ec247d91bf11658ac28f140442,0,mbc6 optie post drum'n'bass dnb bof bms of fighters sen-goku 戦國 featured artist,-1,9,711916,94699,490,254,2,1060,0,1,0,0,529285,SA16
553574,1,2014-12-02 15:03:05,2015-01-14 20:01:22,2015-01-07 18:21:48,Receptor,239459,176,deetz,3513559,5.50187,2.50254,2.75991,4,8,9,7,307,,10,5,Adrenaline,342,Apocalypse,12edb66c67fc7a269a9f1fd0248e269e,0,dnb neurofunk breakbeat no sleep,-1,9.56721,121713,16601,746,477,7,1739,0,0,0,0,553574,SA17
592113,1,2015-01-10 12:48:44,2015-03-29 16:40:15,2015-03-22 16:35:09,Bal-Sagoth,258961,210,Mazzerin,2942381,7.30544,3.55582,3.42932,4.2,9.2,9.7,5.7,314,,11,2,The Obsidian Crown Unbound  (Episode: IX),353,Onslaught,3c8c2c2a4e080478059699a7563bfb89,0,the chthonic chronicles pishifat symphonic black metal,-1,9.55216,448278,26703,1626,397,1,2510,0,0,0,0,592113,SA19
599419,1,2015-01-15 14:38:10,2015-02-17 16:20:33,2015-02-09 10:33:15,fripSide,262697,90,KaedekaShizuru,2248417,3.09518,1.52064,1.45564,4,6,7,6,358,Areas～空に映すキミとのセカイ～,2,3,piece of azure,358,Naozora,c936528865ffc2f7b9d2a7a5782005a2,0,areas sora ni utsusu kimi to no sekai eroge galgame nao lapis lazuli original soundtrack,-1,9.29293,24431,5113,362,421,3,1278,1,0,0,0,599419,SA18
633965,1,2015-02-07 22:58:31,2015-03-17 17:00:14,2015-03-10 16:27:16,Venetian Snares,280089,200,fergas,3144542,6.07946,2.73687,3.09001,4.3,8,9.3,6,364,,10,5,Integraation,393,Lost,0475d42b9837c3cd344259cab0649588,0,my downfall original soundtrack aaron funk classical marathon,-1,9.59809,77946,8557,1271,546,6,2783,1,0,0,0,633965,SA18
633993,1,2015-02-07 23:14:16,2015-04-10 21:20:14,2015-04-03 12:06:03,gmtn. (witch's slave),280107,155,Alumetorz,1145984,7.64132,3.8541,3.50321,4.2,8.5,9.6,5.8,305,BMS,10,5,furioso melodia,312,Wrath,11e49aa9202f432d68fb0ae6adab9cbe,0,of fighters 2010 bof gumtune lr2 gothic hardcore extended ver version,-1,9.7292,4746287,214458,1151,519,1,2325,1,0,0,0,633993,SA19
638821,1,2015-02-11 14:13:43,2015-03-12 14:40:15,2015-03-05 14:22:54,"3L, mariapolo",282487,164,Xinely,1521445,5.54653,2.75402,2.57658,4,8,9,6.5,315,東方Project,2,2,WARNING!,321,Lunatic,d30adaf74b11672a595cb5dd50a372d8,0,touhou project euro flash vol.2 volume 2 p_a_n pan marathon dj command njk record 霊知の太陽信仰 reichi no taiyou shinkou nuclear fusion 東方地霊殿 chireiden,-1,9.6673,384065,36456,1050,476,3,2061,0,0,0,0,638821,SA18
643157,1,2015-02-14 23:09:36,2015-03-14 20:40:14,2015-03-07 20:20:01,Mitose Noriko,284655,170,Pho,3624692,5.73642,2.90354,2.5893,5,8.5,9,7,368,聖エステラ学院の七人の魔女,2,3,The Party of Seven Witches,405,Walpurgisnacht,5bcaea56aeffe029c97720253dcd2a4d,0,taishi dubstep electro.muster electro.sinker gwave astronauts アストロノーツ cent estella gakuin no shichinin majo,-1,9.69063,188496,18087,893,566,4,2101,0,0,0,0,643157,SA18
246397,1,2013-04-29 04:45:29,2015-04-05 00:00:14,2015-03-28 23:21:54,goreshit,90930,171,grumd,530913,6.05988,2.72144,3.11625,4,8,9,5,575,,6,5,semantic compositions on death and its meaning,681,Mortem Sensum,6ca810365a9c17672b3aad154d54bc7a,0,nature of dying o'er the flood looming shadow of a tree long gone breakcore marathon featured artist,-1,9.66958,395060,26912,1960,1093,1,4537,1,0,0,0,246397,SA19
357638,1,2014-01-19 20:55:33,2015-01-11 21:01:44,2015-01-04 20:24:11,OctagonCollaboration,143844,180,Leader,631530,5.62311,2.71018,2.71912,4,8,9,6,459,,7,2,8 Awesome Angles of YouTube,473,Marathon,a292955645d1f9702211fc065d69200c,0,-kevincela- blue dragon kyshiro rlc irreversible cheesiest chewin sayaka- dialgadu77 _gezo_ kinomicandy darkdunskin tks tksalt stefan thenutritiousguy tng xwillx jack black octagon sesame street bloomin' feeling captain jack (grandale remix) time to air almagest masked dedede cave story overworld theme elmo's world opening song star maze dou iu koto nano!? 5way demon tale sonata marisa stole the precious thing wa taihen na mono wo nusunde ikimashita butterfly wonderboy ryu* seiryu galdeira jun ishikawa koji kondo daisuke amaya kevin clash kazumi totaka kuchibashi-p tetsuo honeybee zun iosys smile.dk tenacious d kirby super mario bros. land 2 hatsune miku vocaloid star soldier touhou koishi komeiji alice margatroid marisa kirisame noma dkcplayer dpritch16 geturenanoka7 kapaog kinkyoats kj negaman xlovesmiku matrixmariox menorahonfire mowtendoo sgtscrubnoob stuff3 svaugra tukaari22 wehesomushi,-1,9.66609,485501,30508,1200,782,4,2952,0,1,0,0,357638,SA17
425916,1,2014-01-17 06:38:39,2014-09-16 04:42:14,2014-09-09 04:06:01,Duca,143216,159,Natsu,1953876,5.22511,2.42364,2.57143,4,7,9,7,688,,2,3,Songs Compilation,785,Marathon,5977997038dae4ec46b681c22b6f3966,0,kodora kshr gero xinely kantokun p a n p_a_n ai no niwa revolution ironna katachi niflheimr snow wish shiawase teigi shiawase no otoshimono kokoro no tane kanransha ~ anohi to kinou to kyou to ashita to ~ futari iro clover amaoto welcome berry's cold butterfly ashita tenkini naare full throttle heart xxcrystalmoonanimexx garden koiiro soramoyou kono oozora ni tsubasa wo hirogete flight diary imouto no kouyoku no soleil -vii's world- duelist x engage kanojo to ore to koibito to. your diary+ cafe sourire dandelion koiiro soramoyou your diary amesarasa ~ame to fushigi na kimi ni koi wo suru~ sei shoujo ~seido ikusei gakuen~ nettai teikiatsu shoujo koiiro soramoyou after happiness and extra hearts hentai eroge visual novel kanari airi,-1,9.44681,67165,6339,1284,866,15,3488,1,0,0,0,425916,SA15
427090,1,2014-05-22 03:07:17,2014-10-19 18:01:04,2014-10-08 00:10:57,Yooh,177444,192,ktgster,53378,6.5349,2.99579,3.24797,5,8.5,9,6,303,,10,5,salvation,310,Redemption,34779187f2e6420145ec42013d430a0a,0,voltage ignition 2,-1,9.4221,246574,14007,1319,396,3,2178,0,0,0,0,427090,SA15
427586,1,2014-05-23 01:46:55,2014-10-12 02:40:42,2014-10-05 01:22:03,Utagumi Setsugetsuka,177663,145,jonathanlfj,270377,5.41913,2.7694,2.51988,4,8,9.2,6,314,機巧少女は傷つかない,3,3,Maware! Setsugetsuka chiptune Remix,317,MawareXtrA,bae9fc15ae2a906cda74999bbaeb4fdb,0,machine doll wa kizutsukanai 夜々 yaya 原田ひとみ harada hitomi いろり irori 茅野愛衣 kayano ai 小紫 komurasaki 小倉唯 ogura yui unbreakable kikou shoujo setsugekka ed ending,-1,9.55455,244444,28932,666,666,2,2167,0,0,0,0,427586,SA15
450766,1,2014-07-02 01:31:31,2014-10-26 07:40:42,2014-10-19 03:42:49,u's,189216,210,Hinsvar,1249323,6.23268,3.17312,2.76532,4,8.5,9.3,7,307,Love Live! School idol project,3,3,Bokura no LIVE Kimi to no LIFE,317,Affection,7ca9f27748b230a912d1bcfb798b8d17,0,ラブライブ! 1st season insert song best album collection xinely 高坂穂乃果 kousaka honoka 園田海未 sonoda umi 南ことり minami kotori 矢澤にこ yazawa niko nico 絢瀬絵里 ayase eri eli 東條希 toujou nozomi 西木野真姫 nishikino maki 小泉花陽 koizumi hanayo 星空凛 hoshizora rin 新田恵海 nitta emi 三森すずこ mimori suzuko 内田彩 uchida aya 徳井青空 tokui sora 南條愛乃 nanjou yoshino 楠田亜衣奈 kusuda aina 堀絵梨子 hori eriko pile 久保ユリカ kubo yurika 飯田里穂 iida riho muse,-1,9.70879,654339,39601,618,656,0,2158,1,0,0,0,450766,SA15
477346,1,2014-05-22 03:07:17,2014-10-19 18:01:04,2014-10-08 00:10:57,Yooh,177444,192,ktgster,53378,5.63935,2.4408,2.93472,4.5,7,8.5,5,303,,10,5,salvation,310,Another,914cc01c9216e7e09dc757cc0d4ba8c3,0,voltage ignition 2,-1,9.4221,226648,26081,818,459,3,1921,0,0,0,0,477346,SA15
494368,1,2014-09-06 04:20:56,2014-11-25 02:40:38,2014-11-17 23:38:17,Kuraki Mai,210114,98,Xinely,1521445,4.20852,2.09987,1.92135,4,7,8.3,7,328,名探偵コナン,3,3,Your Best Friend,347,Together,a9a437dd260786433b75aa464accb488,0,hinely collab collaboration marathon 40th 40 ending hinsvar detective conan mai-k meitantei konan,-1,9.44099,115496,11337,552,400,0,1424,0,0,0,0,494368,SA16
495651,1,2014-09-07 14:57:59,2015-04-16 16:20:14,2015-04-09 12:15:20,Ice,210731,151.994,[ HalLoWeeN ],1945351,6.40223,2.70237,3.35057,5,8,9,6.7,446,Cytus,2,5,"L (Lost, Loneliness, & Liberation)",455,Ascension,be8a40562838c098e11b1135a78dc7ed,0,rayark ios android chapter vii 7 loom,-1,9.42553,218664,15160,1575,611,2,3366,1,0,0,0,495651,SA19
497016,1,2014-09-09 14:49:24,2015-01-22 22:01:05,2015-01-15 12:29:49,Halcyonic Falcon X,211328,150,Your Good Self,1653858,4.70793,2.34129,2.1511,4.5,7,8,6,426,Epic Battle Fantasy 4,2,5,Fallen Blood,481,Godcat,a434e35317b301f7af8c6acea1704bb6,0,marathon ebf ebf4 matt-likes-swords kupo707 halcyonicfalconx hfx phyrnna,-1,9.46948,114086,12893,724,430,5,1697,1,0,0,0,497016,SA17
532911,1,2014-11-02 09:38:14,2014-12-11 06:21:05,2014-12-04 05:08:18,Toyosaki Aki,228927,206,Fycho,1876867,5.23546,2.62353,2.4142,4,7,9,6,853,,5,3,Songs Compilation,906,Marathon,fa956aff22909f1057e86cdb15ec673a,0,水性メロディ 春風 shun pu パタパ シロツメクサ 片想いのテーマ 陽だまりライム カレイドスコープ ソラソラ☆あおぞら chuchuchuri lovely 初色bloomy fantasy 叶えたまえ オリオンとスパンコール そして君と恋をする from モモ ダイヤモンド more & more トマト あいのdelusion ギー太に首ったけ letter writer k-on hanasaku iroha accel world toaru kagaku no railgun to-love ru darkness yuru yuri suisei melody patapa shirotsumekusa kataomoi no theme hidamari lime kaleidoscope sorasora aozora hatsuiro bloomy kanaetamae orion to spangle diamond guitar ni kubittake harukaze soshite kimi to koi o suru from momo tomato ai no delusion,-1,9.61031,143761,13395,1585,1221,2,4571,1,0,0,0,532911,SA16
532958,1,2014-11-02 10:45:51,2015-01-30 08:40:48,2015-01-23 05:45:53,Hatsuki Yura,228955,173,Kamio Misuzu,2041350,5.30874,2.54758,2.54369,4.5,8,9.2,6,302,Touhou,2,3,Drivi'n greedy - Nhato Remix -,313,Moon,45204f5ea6e878de4d44d8889e6302dd,0,c86 東方地霊殿 死体旅行 ～ be of good cheer! esquaria xeno blaze kaenbyou rin corpse voyage subterranean animism th11,-1,9.72473,362117,45841,823,412,0,1710,0,0,0,0,532958,SA17
557980,1,2014-01-28 09:02:55,2014-12-31 13:47:45,2014-12-24 10:21:32,Meramipop,145976,197,Loneight,663131,4.85813,2.46889,2.2214,4,7.5,9,6,335,Touhou,2,3,Rakujitsu Romance,354,Romance,a4d8176d8212681645b44608910952ff,0,恋色マスタースパーク 東方永夜抄～imperishable night rd-sounds めらみぽっぷ 凋叶棕 薦 -susume- c85,-1,9.4204,228322,26741,467,665,1,1832,1,0,0,0,557980,SA17
559071,1,2014-12-10 18:46:40,2015-03-30 03:20:14,2015-03-22 19:56:45,Demetori,242185,189,Leader,631530,5.99252,2.71437,3.02447,4,9,9.2,7,303,東方Project,11,5,Kid's Festival ~ Innocent Treasures,304,Extra Stage,03fed95102e6c2ebd5ba43b9f9ee36f0,0,touhou zun theme 闡 提 宗 祀 ～ offering to the sukhavati sendai soushi warabe matsuri c75,-1,9.51902,389332,20105,755,536,0,1922,0,0,0,0,559071,SA19
561628,1,2014-12-14 00:04:03,2015-02-14 22:01:41,2015-02-07 21:51:09,Venetian Snares,243485,170,fergas,3144542,5.34025,2.40974,2.72182,4.3,8,9,6,379,,10,5,My So-Called Life,383,Dream,44ae2bb17164926b7b1e62f2f709cb3e,0,planet mu records breakcore aaron funk marathon featured artist,-1,9.66376,79058,10760,1192,477,3,2440,0,0,0,0,561628,SA18
619269,1,2015-01-28 11:31:01,2015-02-16 16:21:28,2015-02-08 15:07:50,Ito Kanako,272431,101,Yuzu-,3003978,2.33926,1.20987,1.01513,3.8,6,7.5,6,300,沙耶の唄,2,3,Saya no Uta,301,Miracle,287a6b81ea84e3f5e5e8d257c3e26060,0,nitro+ eroge visual novel horror ending fuminori sakisaka song,-1,9.16568,41291,12418,214,238,4,761,0,0,0,0,619269,SA18
630409,1,2015-02-05 10:50:05,2015-03-27 16:20:15,2015-03-20 15:56:59,BUMP OF CHICKEN,278283,91.9499,AIR,2070688,3.85484,1.92463,1.7612,4,6,7.5,6,349,ファイナルファンタジー 零式,2,3,Zero,402,Rain,b3e789a9d1ccb26dd475e353690cdfc1,0,ending final_fantasy_type-0,-1,9.18182,84997,11971,497,419,3,1360,0,0,0,0,630409,SA19
631413,1,2015-02-06 09:02:33,2015-03-21 00:40:15,2015-03-13 22:52:22,supercell,278813,189,monstrata,2706438,5.78216,2.94648,2.55699,4,7,9,6.5,348,マギ,3,3,The Bravery,349,Depravity,902bb4bfd3d3674f6c9417ee77038d48,0,ryo the bravery magi the labyrinth of magic full ending 2 aladdin koeda,-1,9.50775,629160,40485,796,556,1,2010,0,0,0,0,631413,SA18
657034,1,2015-03-08 09:41:46,2015-03-25 17:20:14,2015-03-18 02:33:40,Mr.Kitty,291847,122,-Bakari-,597957,2.71199,1.43303,1.15237,4,7,8,6,304,,10,2,Destroy Me,347,Dark,a3708ca70724d0b8c1c1fc19dcb834ac,0,synthpop eternity marathon goth,-1,9.35706,354909,73590,199,354,3,964,1,0,0,0,657034,SA19
658719,1,2015-03-11 07:29:53,2015-04-04 00:40:13,2015-03-28 00:10:25,BiBi,292727,98,Xinely,1521445,5.77192,2.95849,2.54187,4,8,9,6,310,ラブライブ！ School idol project,3,3,Fuyu ga Kureta Yokan,320,Snowing,35c99c61a67d61d6bb034ba820293e37,0,marathon love live! 絢瀬絵里 西木野真姫 矢澤にこ ayase eli nishikino maki yazawa nico 南條愛乃 nanjou nanjo yoshino pile 徳井青空 tokui sora,-1,9.48988,215579,14637,662,514,1,1917,0,0,0,0,658719,SA19
261464,1,2013-06-09 20:45:18,2014-12-27 20:02:32,2014-12-20 19:50:21,Venetian Snares,97902,174,Blue Dragon,19048,5.80077,2.8914,2.67054,4.5,8,9,6,454,,6,5,Hajnal,455,broken,52c4f23aa3a899d264a77599bb745f32,0,breakcore rossz csillag alatt szuletett aaron funk marathon,-1,9.14356,158543,7790,991,721,24,2688,0,0,0,0,261464,SA16
315867,1,2013-10-21 18:33:24,2014-07-16 22:22:11,2014-07-09 15:50:01,Pendulum,123756,126,Sala-,587737,4.46563,2.24563,2.03569,4,8,8.5,7,487,,10,2,The Island,534,Absolution,80ffe5d2a006566d938147ca3a59bc9d,0,immersion dawn dusk dubstep drum_and_bass instrumental electronic house music,-1,9.07042,771264,65605,515,707,8,2111,0,0,0,0,315867,SA15
350921,1,2014-01-06 03:31:58,2014-11-11 22:20:50,2014-11-04 21:54:15,Infected Mushroom,140526,130,SuperMICrophone,969161,5.83605,2.61135,2.96381,4,7,9,6,357,,10,5,Never Mind,359,Disregard,b397d4d0d0eb8b9999e53fe4a934448b,0,army of mushrooms nwolf smic,-1,9.55063,247651,19770,979,602,5,2557,0,0,0,0,350921,SA16
369794,1,2014-02-12 18:16:25,2015-02-06 16:21:18,2015-01-30 16:14:27,Eels,149667,64,Pjecoo,2959862,1.09113,0.592249,0.429193,3,2,3,2,141,Shrek 2,5,2,I Need Some Sleep,141,Beginner,0842b05a316193513290c01e615f7ea7,0,-bakari- dreamworks mark oliver everett,-1,8.8743,50709,29287,34,52,1,226,1,0,0,0,369794,SA17
369795,1,2014-02-12 18:16:25,2015-02-06 16:21:18,2015-01-30 16:14:27,Eels,149667,64,Pjecoo,2959862,1.74647,0.883806,0.794967,4,4,5,4,141,Shrek 2,5,2,I Need Some Sleep,141,Advanced,37ad9710e906016825b4718c920eb988,0,-bakari- dreamworks mark oliver everett,-1,8.8743,72991,33067,89,84,2,306,1,0,0,0,369795,SA17
430908,1,2014-05-28 09:02:53,2015-01-18 18:01:21,2015-01-11 17:30:53,Hiroyuki Sawano feat. Mika Kobayashi,179247,97,xChippy,1026491,5.14369,2.77192,2.03599,4,8,9.2,7,360,GUILTY CROWN,3,8,Bios Epic Edition,419,King,1dc1b7ec22112a65b39a2cbb191f1fb2,0,remix ost ギルティクラウン,-1,9.66068,624765,71209,545,661,3,1918,0,0,0,0,430908,SA17
431147,1,2014-05-28 16:20:07,2014-10-10 03:00:41,2014-10-03 02:28:26,Sakamoto Maaya,179323,176,Azer,2155578,4.95857,2.47469,2.26572,4,8,9,6,298,Tamayura ~hitotose~,3,3,Okaerinasai (tomatomerde Remix),353,Collab,131b810bea296be79c22c510aff63345,0,tamayura&bass rlc those frostmourne 11t,-1,9.72962,2132668,315656,691,454,7,1664,1,0,0,0,431147,SA15
431957,1,2014-05-30 04:06:29,2014-08-18 22:02:14,2014-08-11 21:28:00,Halozy,179699,183,captin1,689997,5.96725,2.99977,2.7359,4.2,8,9.2,6,307,Touhou,2,3,Kanshou no Matenrou,327,Eternal,c5981f1709103aba624851a948f51d4d,0,aqua trytone hotaru sentimental skyscraper emotional cosmic mind myouren hijiri byakuren delis yf_bmp collab collaboration,-1,9.7615,1164938,141112,957,442,3,1984,1,0,0,0,431957,SA15
433005,1,2014-05-31 16:40:46,2015-04-11 18:40:14,2015-04-04 17:46:42,Halozy,180138,173,Hollow Wings,416662,7.69485,3.97544,3.36277,4,8,9.6,6,300,東方Project,2,3,Genryuu Kaiko,302,Higan Torrent,5bb737207dab0afeb8c7b22fafa26abc,0,touhou cosmic armonica ほたる hotaru すみじゅん sumijun くまりす kumarisu 東方花映塚 彼岸帰航 higan retour ~ riverside view 小野塚 小町 おのづか こまち onozuka komachi th09 c79 hw shallicomparethee sict zun,-1,9.49964,3952691,135399,1279,610,3,2667,1,0,0,0,433005,SA19
433441,1,2014-06-01 10:45:38,2014-11-11 10:00:39,2014-11-04 09:35:26,Hanatan,180366,98,Natsu,1953876,3.91973,1.90883,1.84707,4,6.5,8,6,303,,4,3,Uta ni Katachi wa Nai keredo,305,Flower,d40a928e02e005f1a71fde8f06c35159,0,xinely ユリカ doriko vocaloid hatsune miku yurica,-1,9.55076,207859,42074,591,220,6,1138,0,0,0,0,433441,SA16
487951,1,2014-08-27 10:55:02,2015-04-05 12:20:15,2015-03-28 15:13:38,TRakker,207045,182,Amamiya Yuko,873961,5.98332,2.82245,2.90951,4,8.3,9.3,6,362,,10,3,Trail of Dust,391,Trail of Star,eeb649a70d2c48012cec007bffe4ff30,0,transwing -the inner gaze- taishi aoba ringo taka shallicomparethee hollow wings skystar,-1,9.54386,353814,32574,1082,604,0,2632,1,0,0,0,487951,SA19
489016,1,2014-08-29 05:22:33,2015-03-25 08:20:13,2015-03-18 07:52:00,nano.RIPE,207561,190,Milan-,1052994,5.28542,2.53134,2.53808,4,7.5,9,6.5,493,,5,3,Songs Compilation,604,Marathon,1323852692ecd60cd7cf304f95006a5a,0,yauxo appleeaterx pho kocari tsukikage to buranko 月影とブランコ zettaichi 絶対値 tsuma bikuhitori ツマビクヒトリ kage fumi 影踏み toumei na sekai 透明な世界 hana no iro ハナノイロ start chart スターチャート sora no shounen 空の少年 flash keeper フラッシュキーパー virtual boy バーチャルボーイ esoragoto 絵空事 fault finder フォルトファインダー moratorium モラトリアム nokuchiruka ノクチルカ moshimo no hanashi もしもの話 real world リアルワールド omokage warp 面影ワープ rain curtain レインカーテン hanasaku iroha 花咲くいろは home sweet home jinrui wa suitai shimashita 人類は衰退しました sankarea さんかれあ glasslip グラスリップ bakuman. 3 バクマン。 hataraku maou-sama! はたらく魔王さま! opening ending tv size short version cut insert the devil is a part timer lantis p.a. works collab kawaii desu,-1,9.51948,127560,11112,1034,802,1,2707,1,0,0,0,489016,SA19
520516,1,2014-10-14 08:27:53,2015-03-09 06:40:14,2015-03-02 06:05:07,fhana,222698,127,rui,74313,4.15428,2.07531,1.93876,4,7,8.3,7,329,天体のメソッド,3,3,Hoshikuzu no Interlude,331,Collab,2c6e55af78add3594310837fba5aac2d,0,maaagic soga sora no method noel nonoka yuzuki toyosaki aki natsukawa shiina minase inori,-1,8.77143,60447,5744,583,477,1,1778,1,0,0,0,520516,SA18
521710,1,2014-05-15 13:46:30,2015-02-17 16:20:33,2015-02-09 06:11:53,Tatsumi Megumi featured by Sano Hiroaki,175262,184,Chirony,1686709,5.61091,2.67209,2.70005,4,8,9,6,306,,2,3,Tsubomi (Long Version),307,Cherry Blossom,856c420b6d9d41a3a8c503df4d598861,0,guitarfreaksxg3 & drummaniaxg3 original soundtrack 2nd season jubeat saucer fulfill,-1,9.45228,159823,14380,772,478,5,1987,1,0,0,0,521710,SA18
538050,1,2014-11-10 15:18:58,2015-03-12 15:00:15,2015-03-05 14:45:56,Porter Robinson,231552,91,YellowManul,614413,3.74911,1.9569,1.63164,4.2,7,8.5,6,314,,10,2,Fresh Static Snow,346,Winter,ba9c54b584e6587537a80ade8e744738,0,worlds vocaloid avanna marathon crabovan,-1,9.29277,368128,80198,297,362,12,1070,1,0,0,0,538050,SA18
570953,1,2014-12-25 09:40:11,2015-02-11 22:41:06,2015-02-04 22:13:47,Demetori,248162,85,jonathanlfj,270377,4.60764,2.37293,2.00274,4,8,8.7,5.5,343,東方Project,2,5,Heartfelt Fancy ~ Prie a Dieu,354,<3,b1c5af33ae1b0d210dfeb220da31d2f0,0,marathon satori komeiji 古明地　さとり tendre est la mort le grimoire de reve zun 東方地霊殿　～ subterranean animism tokunan 徳南 kyuuhouji 九宝時 c85 touhou project,-1,9.63724,221920,28297,518,476,2,1528,0,0,0,0,570953,SA17
606661,1,2015-01-19 18:50:04,2015-04-10 16:20:14,2015-04-03 03:20:18,Shandy kubota,266199,174,Naitoshi,2730086,5.23724,2.59991,2.4287,4,8,9.2,6,301,,10,5,Lonely light (fang Remix),332,Tsuki,1a0ebeadc13cefaeced0e34b767629d8,0,dnb usao electric shandybass c86 shandybass2,-1,9.57222,93291,9713,599,658,1,1928,1,0,0,0,606661,SA19
616229,1,2015-01-26 12:23:32,2015-03-12 18:00:15,2015-03-04 20:18:22,SoundTeMP,270987,140,P A N,1285234,5.02226,2.38138,2.41952,4,7.5,8.8,6,787,Ragnarok Online,2,5,Ragnarok Online Compilation,960,Marathon,ee7b18f6a180e171f96da24b7bc183c5,0,aeon ancient groover be nice 'n easy purity your smile one fine day rag all night long backattack!! hamatan through the tower out of curiousity zingaro dreamer's dream rose of sharon naïve rave retro metro wanna be free!! welcome mr. hwang pampus upas fireflies heaven yetit petit come in peace we have lee but you don't have nano east temp it up angelica monastery in disguise dancing christmas in the 13th month fear... 라그나로크 온라인 the final destiny of the gods gravity setsurei p_a_n,-1,9.42564,56215,4661,2644,711,4,4172,0,0,0,0,616229,SA18
652715,1,2015-02-28 19:46:15,2015-04-03 02:40:13,2015-03-27 02:34:43,Hanatan,289567,90,kakifly,4219034,5.09059,2.61275,2.23211,4,8,9,5,431,,6,3,Songs Compilation,485,Marathon,49f28d8deab54d0ca4f197469fcc74c1,0,meyrink yurica utaite vocaloid touhou オレンジ orange 歌に形はないけれど uta ni katachi wa nai keredo ハジメテノオトhajimete oto midnight queen サリシノハラ sarishinohara 病名恋ワズライ byoumei koiwazurai 心做し kokoronashi somehow エアーマンが倒せない (sound holic ver.) airman ga taosenai 狐の嫁入り kitsune no yomeiri しわ shiwa 天樂 tengaku yuuyu-p buzzg masa chouchou-p honeyworks mikito-p crest malo doriko kiritan-p tohma,-1,9.31739,215455,31733,801,561,2,2160,1,0,0,0,652715,SA19
653547,1,2015-03-01 22:34:40,2015-04-03 21:20:14,2015-03-27 21:09:26,Kurosaki Maon,290040,138,CXu,84841,4.5804,2.19549,2.25795,5,10,8.5,7,369,東京レイヴンズ,3,3,X-encounter,370,X,890c29ab542e71a9247c151f1043b315,0,tokyo ravens opening full reincarnation,-1,8.83333,108113,6733,910,686,3,2359,0,0,0,0,653547,SA19
656534,1,2014-11-20 09:05:01,2015-03-19 17:20:14,2015-03-12 17:03:39,Nightwish,234748,140.01,tm1209,2775906,4.55991,2.26168,2.09623,4.3,6.7,8.2,5,306,,4,2,I Want My Tears Back,306,Wonder,fd095d66b7fb588f07d38744451efec8,0,"imaginaerum anette olzon emppu vuorinen marco tapani hietala tuomas holopainen jukka ""julius"" nevalainen",-1,9.6214,171139,17901,842,359,0,1637,0,0,0,0,656534,SA18
662911,1,2014-09-24 16:51:31,2015-04-10 15:20:14,2015-04-03 15:08:12,Pu Shu,216097,84,liangv587,2554967,4.29219,2.13985,1.97258,5,7,8.5,6,298,,5,4,Ping Fan Zhi Lu,298,Ordinary,a7e709ebbf926adcb6c6a87b5532d04e,0,濮树 后会无期 the ordinary road,-1,9.39005,162820,27955,331,364,2,1122,0,0,0,0,662911,SA19
664095,1,2015-03-20 13:26:54,2015-04-18 01:00:14,2015-04-08 00:56:08,Jerico,295647,178,Kloyd,1574070,5.46625,2.66566,2.60319,5,8,9.4,7,326,,10,5,Industrial Nation,359,Made in Korea,b1dc143b18abf6009c3045ddd2908a97,0,diverse system ad: drum'n bass dnb c83 comiket83,-1,9.70732,200116,23215,1027,679,5,2512,0,0,0,0,664095,SA19
666535,1,2015-03-24 04:23:47,2015-04-12 18:40:15,2015-04-05 11:06:19,7!!,296913,86.0001,Kagamine Ren,3143784,3.58876,1.81784,1.60049,4,7,8,6,305,四月は君の嘘,3,3,Orange,339,Orange,b822c53ce8de487c8493618257664b11,0,shigatsu wa kimi no uso your lie in april ending full version seven oops,-1,9.39699,1570611,277011,387,288,5,1005,0,0,0,0,666535,SA19
307618,2,2013-10-01 13:30:07,2014-02-01 18:59:56,2014-02-01 18:54:31,senya,119891,138,Satellite,1661227,4.4574,2.08185,2.19538,4,6,8,5,552,Touhou,2,3,Songs Compilation,680,Marathon,042b7fb149721c49db094a51576cdfde,0,dagger-gazel patchouli zun remilia scarlet flandre scarlet yamaxanadu saigyouji yuyuko houraisan kaguya cirno hinanawi tenshi elly hong meiling onozuka komachi moriya suwako kaku seiga fujiwara mokou alice margatroid shameimaru aya komeiji satori yuuhei the embodiment of scarlet devil phantasmagoria of flower view imperishable night ten desires perfect cherry blossom mountain of faith subterranean animism mystic square scarlet weather rhapsody septette for the dead princess u.n. owen was her? fate of sixty years judgment in the sixtieth year the gensokyo the gods loved wonderful heaven beloved tomboyish girl reach for the moon immortal smoke lunatic princess riverside view higan retour border of life bloom nobly cherry blossoms of sumizome history of the moon native faith mysterious mountain the youkai mountain extend ash ~ person of hourai old yuanxian 3rd eye last remote deitarabotti hizumi iceon kamasetora autobahn magical girls ultimate☆reimu c77 c78 c79 c80 c81 c82 c83,-1,9.58544,1838043,247489,1093,659,1,2758,1,0,0,0,307618,SA14
335628,1,2013-12-10 03:36:36,2014-07-22 04:02:15,2014-07-15 03:35:48,Demetori,133693,178,GoldenWolf,1612624,5.92292,2.75432,2.89886,4,9,9,7,378,Touhou,11,5,Kanjou no Matenrou ~ World's End,428,Extra Stage,017d33f07427799d0fc01777d7e177a3,0,emotional skyscraper cosmic mind 曼衍珠汝華 manenjushaka nada upasana pundarika byakuren hijiri undefined fantastic object th12 woof,-1,9.68467,2418849,106956,1599,469,3,2780,0,0,0,0,335628,SA15
376291,1,2014-02-24 17:15:26,2014-12-19 04:01:08,2014-12-10 17:06:43,Lia,153020,184,pkhg,343624,4.5662,2.347,2.00245,4,7,9,7,400,リトルバスターズ！ エクスタシー,2,3,Saya's Song Remix,406,Saya,687510c5383f8f485d66075d07f65028,0,yatoki tsukasa maeda jun va compilation cd vol.1 panorama little busters ecstasy ex key tokido saya 朱鷺戸沙耶 lanturn,-1,9.37019,136090,19078,429,637,1,2143,1,0,0,0,376291,SA16
379071,1,2014-03-02 07:14:53,2014-11-02 22:40:45,2014-10-22 05:41:49,u's,154351,210,neonat,1561995,5.80852,2.71037,2.85574,4,8,9.1,7,303,Love Live! School idol project,3,3,Bokura no LIVE Kimi to no LIFE,318,Daisuki,8c864f5dd5d5d0b6d7d80a2015334958,0,biscuitbox muse,-1,9.51852,414826,25035,787,563,2,1958,1,0,0,0,379071,SA16
443270,1,2014-06-19 20:17:37,2014-09-08 17:22:19,2014-09-01 12:53:53,Utada Hikaru,185392,176,ProfessionalBox,3250792,5.33559,2.54268,2.58173,4,7.8,9,6,385,ヱヴァンゲリヲン新劇場版：Q,10,3,Sakura Nagashi (el poco maro Remix),434,Eternity,d0bdd1cc97e74bc3b1a1c72af37d8357,0,dnb drum and bass drumstep asphyxia japan step collab collaboration hanzer gero paul carter evangelion:3.0 you can not redo shin gekijou ban,-1,9.65839,459383,50584,893,604,6,2455,0,0,0,0,443270,SA15
444356,1,2014-06-21 18:59:21,2014-09-15 01:02:10,2014-09-06 11:16:35,sweet ARMS,185927,215,Cherry Blossom,1156742,6.33484,2.87061,3.18983,4,9,9.3,6.5,314,デート・ア・ライブ 或守インストール,2,3,Installation,331,Nightmare,53556e1012b2e357116bfdc019d76cdf,0,arusu ars install compile heart sting playstation visual novel date a live ii 2 shio watanabe go sakabe kenterz,-1,9.72788,1513713,105930,581,614,7,1948,1,0,0,0,444356,SA15
469800,1,2014-07-31 17:05:05,2015-03-20 07:00:14,2015-03-12 07:34:06,3L,198034,125,TicClick,672931,3.84415,1.81929,1.86817,4.5,6,8,6,423,東方Project,2,3,Amoritachite Kami To Miyu,455,Hard,5cea1ac157d87100dd48e492c7278cd5,0,descending from the skies she appears as a goddess yakumo yukari necrofantasia touhou youyoumu 東方妖々夢 perfect cherry blossom zun syrufit studio syrup comfiture where is love shibayan shibayanrecords,-1,9.46154,92981,14088,818,537,2,1991,0,0,0,0,469800,SA18
470351,1,2014-08-01 16:03:14,2014-09-15 19:42:17,2014-09-08 18:44:38,TENMON & Yanagi Eiichiro,198299,90,Wafu,888955,2.46809,1.23954,1.12566,4,6,7,6,348,ef - a tale of memories.,3,5,Start and Stay with,353,ef,647214315cd4547b24e42552aabc18d7,0,minori みのり original soundtrack piano ~fortissimo~ ost,-1,8.91139,15418,4428,219,217,11,782,1,0,0,0,470351,SA15
472580,1,2014-08-04 15:38:18,2014-12-20 12:22:12,2014-12-13 11:52:07,Pile,199229,135,examination,1806962,5.71164,2.8673,2.59198,4,7,9,6,744,ラブライブ! School idol project,3,3,Love Live! Songs Compilation,797,Scarlet Princess,0fd77926ae0a65730e29cf079ce88025,0,"u's bibi true diva 西木野真姫 nishikino maki 愛してるばんざーい！ aishiteru banzai! ダイヤモンドプリンセスの憂鬱 diamond princess no yuuutsu mermaid festa vol.1 wild stars soldier game ラブノベルス love novels baby maybe 恋のボタン koi button 輝夜の城で踊りたい kaguya shiro de odoritai oh love&peace! and peace もぎゅっと""love""で接近中！ mogyutto de sekkin chu! 友情ノーチェンジ yuujou change start:dash!! start dash wonder zone きっと青春が聞こえる kitto seishun ga kikoeru wonderful rush 夏色えがおで1 2 jump! natsuiro egao de snow halation 僕らは今のなかで bokura wa ima naka de brand girls 僕らのlive 君とのlife bokura live kimi to life これからのsomeday korekara hinsvar happy623 kawaiwkyik yf_bmp xinely zzhboy el solarbeam regraz [_crystal] iamkwan fycho elaine crystal collab collaboration marathon",-1,9.47405,461961,27583,1502,1130,6,3872,1,0,0,0,472580,SA16
501107,1,2014-09-14 17:58:14,2014-10-19 16:01:27,2014-10-12 15:39:48,Pendulum,213098,174,ProfessionalBox,3250792,5.64606,2.72902,2.66849,4,8,9,6,319,,10,2,Propane Nightmares (Celldweller Remix),332,Heaven's Gate,68069a2b520461bb7797eb9ddbffcebe,0,dnb drum and bass drumstep rock electronic silico,-1,9.53354,846315,60078,1017,415,2,1934,0,0,0,0,501107,SA15
502414,1,2014-06-15 13:17:24,2014-11-28 18:42:04,2014-11-21 17:55:29,Receptor,184301,174,fergas,3144542,5.28079,2.58755,2.45779,4.3,7.5,9,7,313,,10,5,Redstar,334,Glory,8a4890bffc4962ed563a60d792a6024e,0,marathon russian downtempo drum and bass experimental glitch-hop dnb featured artist,-1,9.62298,954753,102737,809,484,6,1802,0,0,0,0,502414,SA16
502676,1,2014-09-17 15:08:36,2014-10-31 20:00:49,2014-10-24 19:54:10,Buta-Otome,213887,82,EvilElvis,1848318,4.82862,2.49322,2.1373,4,7,8.5,6,336,Touhou,2,3,Dark Road,338,Lunatic,d26f15c8b3c3f4493187f56630f0bd2a,0,nwolf beren 怨言神楽謌 コンプ comp ranko ランコ ゴーストリード ghost lead 東方神霊廟 ten desires zun yuyuko saigyouji 彷徨わない亡霊,-1,9.51948,38047,4586,657,443,0,1561,1,0,0,0,502676,SA15
509204,1,2014-09-26 15:13:07,2014-11-30 16:43:06,2014-11-23 16:16:20,Taishi feat. Himawari,217033,128,Zweib,1211737,5.15803,2.65676,2.26051,4.2,8,9,6.4,405,,10,3,Slow Step -First Love Comes Again-,413,KATAOMOI,684af87dbbbb507b78e4bf0600a6f01c,0,electro.sinker electro.muster cosmic records natsuno c85 c83,-1,9.39908,69512,9718,670,682,5,2155,0,0,0,0,509204,SA16
546148,1,2014-10-25 15:39:37,2015-01-21 06:20:44,2015-01-13 11:50:27,Misawa Aki,226381,162,Narcissu,1826598,4.5325,2.24668,2.08401,4,7.5,8.5,6,328,東方Project,2,3,Nostalgia,336,Nostalgia,62464108470597581c12c32a993890a4,0,c76 last remote komeiji koishi sound online tsukasa starlight vision zun 太田順也 上海アリス幻樂団 古明地 こいし ラストリモート 東方地霊殿 矢鴇つかさ 東風谷 早苗 touhou kochiya sanae yatoki marathon,-1,9.70843,155326,23987,557,494,1,1580,0,0,0,0,546148,SA17
546514,1,2014-11-23 10:01:46,2015-02-07 13:21:20,2015-01-31 11:52:48,Printemps,235836,156,Sakaue Nachi,1947052,5.01056,2.58209,2.17695,4,7.7,9,6,308,Love Live! School idol project,3,3,Eien Friends,312,Friends,42ebd00096d3e6b4f1bbb6d9ad8044e4,0,ラブライブ! µ's kousaka honoka minami kotori koizumi hanayo 高坂穂乃果 南ことり 小泉花陽 [csga]ar3sgice 新田恵海 内田彩 久保ユリカ nitta emi uchida aya kubo yurika,-1,9.57586,1152861,76138,877,351,2,1599,0,0,0,0,546514,SA17
548907,1,2014-11-26 21:09:56,2015-03-12 05:00:14,2015-03-05 04:36:12,GobouP,237093,139.99,CSLM,2675027,3.20516,1.66043,1.3913,4,7,8,6,319,,5,3,White*Christmas,331,Christmas,5b1ed0af2b280271fd221bf032ccc405,0,hatsune miku kagamine rin len meiko kaito kamui gakupo megpoid gumi megurine luka sf-a2 miki kaai yuki hiyama kiyoteru vocaloid xmas christmas gobou-p marathon,-1,9.136,27861,5281,174,427,3,1119,1,0,0,0,548907,SA18
550235,1,2014-11-28 21:03:56,2015-01-10 22:21:39,2015-01-03 21:47:50,Our Stolen Theory,237768,175,Asphyxia,1715720,6.12265,2.97976,2.88269,4,9,9.2,6,300,,10,2,United (L.A.O.S Remix),326,Infinity,d93af271e77645214e061a8e16b122f5,0,drum and bass dnb marathon xgor,-1,9.70015,8047140,322814,1338,416,4,2275,1,0,0,0,550235,SA17
580225,1,2014-11-22 13:49:37,2015-01-09 13:21:35,2015-01-02 12:51:35,765PRO ALLSTARS,235477,128.01,Startrick,2782104,4.31212,2.07278,2.04549,4,7.2,8.2,6,312,THE IDOLM@STER MOVIE 輝きの向こう側へ！,3,3,M@STERPIECE,322,Beyond the Brilliant Future,44618af61d4d55199e396c2a8271fe0f,0,kagayaki no mukougawa e idolmaster masterpiece amami haruka hoshii miki kisaragi chihaya hagiwara yukiho kikuchi makoto futami ami mami minase iori takatsuki yayoi ganaha hibiki miura azusa shijou takane yabuki kana mochizuki anna hakozaki serika satake minako kitazawa shiho nanao yuriko yokoyama nao nakamura eriko hasegawa akiko imai asami asakura azumi hirata hiromi shimoda kugimiya rie nigo mayako numakura manami takahashi chiaki hara yumi,-1,9.56888,934807,102790,660,335,1,1344,0,1,0,0,580225,SA17
582427,1,2014-12-02 07:18:46,2015-01-30 02:20:58,2015-01-23 02:12:18,Apocalyptica,239360,160,pishifat,3178418,5.19608,2.57001,2.41659,4,8.2,9,7,296,,4,5,Worlds Collide,297,!,bdafa3c7defdff1e05d500eefda7a9a6,0,cello thrash symphonic metal extended long,-1,9.34025,108651,12542,675,465,2,1679,0,0,0,0,582427,SA17
583343,1,2015-01-04 00:25:16,2015-02-15 16:21:31,2015-02-07 12:59:20,StylipS,254309,175,iMage--,1872496,5.97412,2.89134,2.82788,4,8,9,6,310,Fate/kaleid liner プリズマ☆イリヤ,3,3,Prism Sympathy(Asterisk Remix),311,Kaleid Liner,10b1c9b056f658821237b8d07bb04767,0,prisma☆illya ending type moon hardcore techno asterisk_,-1,9.52412,293395,17121,1085,487,0,2398,0,0,0,0,583343,SA18
585605,1,2015-01-05 14:25:43,2015-01-22 17:41:14,2015-01-15 17:18:36,petit milady,255481,150,Andrea,33599,4.39101,1.95491,2.24235,4,8,8.5,7,352,,5,3,Ma Cherie,366,Lovers,b38b6b9dbbe989ec71c4b18697d0e0c0,0,osuplayer111 aoi yuuki ayana taketatsu band duo universal music japan プチミレディア【通常盤】,-1,9.25661,172345,29571,916,442,3,1849,0,0,0,0,585605,SA17
587105,1,2015-01-06 10:04:17,2015-02-11 18:01:15,2015-02-04 17:34:31,Rita,256049,180,Fycho,1876867,5.61665,2.85338,2.52376,4,8,9,5,322,あおぞらストライプ,2,3,Blue Liner,343,Liner,405f5adf86fa8270d005d22165072be6,0,taishi dubstep trakker electro.muster gwave 2013 2nd progress astronauts spica アストロノーツ aozora stripe app,-1,9.6168,235966,29322,812,571,2,2020,0,0,0,0,587105,SA17
645242,1,2015-02-16 09:48:11,2015-03-15 16:20:15,2015-03-07 16:45:41,t=NODE,285718,149.99,Lan wings,467860,5.44155,2.7099,2.51055,4,7,9,6,494,東方Project,2,5,Four Seasons,532,Relax,1beb3915d03946e87e227fea9f2f12c0,0,touhou yuy arrangement remix shikieiki yamaxanadu th09 phantasmagoria flower view pofv 四季-春- dream of wonder 六十年目の東方裁判 fate of sixty years,-1,9.46154,102684,9419,874,865,3,2795,0,0,0,0,645242,SA18
647450,1,2015-02-19 22:07:13,2015-04-12 06:00:14,2015-04-05 05:21:05,Tojo Nozomi(CV.Kusuda Aina),286828,87,Sekai-nyan,700887,2.40055,1.25192,1.05045,4,6,7,6,301,,3,3,Moshimo kara Kitto,302,My Wish,6f6dde99341c875ac1ed71573d6bde1e,0,hata aki ラブライブ! love live school idol project toujou kussun marathon,-1,9.43302,84059,19696,200,268,4,870,0,0,0,0,647450,SA19
667993,1,2015-03-27 00:15:16,2015-04-17 17:20:15,2015-04-10 16:44:58,Ray,297581,128,Knotts,2613342,3.82383,1.88466,1.77129,4.3,7,8,6,293,あの夏で待ってる 特別編,3,3,Kisetsu no Shutter,294,Insane,66da5d3e2949c2a1f1a397a392ac7a52,0,僕達は高校最後の夏を過ごしながら bokutachi wa ha koukou saigo no natsu wo sugoshi nagara ova opening,-1,9.30645,49335,8381,532,332,2,1272,0,0,0,0,667993,SA19
